ins_ind,ticker_filename,date,n_adj_close,gt,adj_close,prev_adj_close,return,simple_return,log_return,prev_ins_ind,run,method,dataset,dropout,prob_measure,prob,prob_filter,day_pred,day_action_pred,day_action,matches_gt_day,log_return_action,log_return_action_pred,return_action,return_action_pred
40,WFC.csv,2016-01-04,-2.667402,0.0,51.262457,52.667306,-1.4048490000000058,-2.667402429886969,-0.02703623162765776,,2,Adv-ALSTM,kdd17,0.1,std,0.4246211349964142,0.5,1.0,1,1,1,-0.02703623162765776,-0.02703623162765776,-1.4048490000000058,-1.4048490000000058
106,WFC.csv,2016-01-06,-1.90962,0.0,50.264531,51.243079,-0.9785480000000035,-1.9096198337340415,-0.019280885731071347,40.0,2,Adv-ALSTM,kdd17,0.1,std,0.4694845974445343,0.5,1.0,1,1,1,-0.019280885731071347,-0.019280885731071347,-0.9785480000000035,-0.9785480000000035
154,WFC.csv,2016-01-07,-2.852737,0.0,48.830616,50.264531,-1.433914999999999,-2.852737251243822,-0.028942186076183967,106.0,2,Adv-ALSTM,kdd17,0.1,std,0.4460085332393646,0.5,1.0,1,1,1,-0.028942186076183967,-0.028942186076183967,-1.433914999999999,-1.433914999999999
190,WFC.csv,2016-01-08,-1.666667,0.0,48.016772,48.830616,-0.813843999999996,-1.6666674858248687,-0.01680712664680366,154.0,2,Adv-ALSTM,kdd17,0.1,std,0.45468273758888245,0.5,1.0,1,1,1,-0.01680712664680366,-0.01680712664680366,-0.813843999999996,-0.813843999999996
218,WFC.csv,2016-01-11,1.06941,1.0,48.530268,48.016772,0.5134959999999964,1.069409663773309,0.01063731921641066,190.0,2,Adv-ALSTM,kdd17,0.1,std,0.46166670322418213,0.5,1.0,1,1,1,0.01063731921641066,0.01063731921641066,0.5134959999999964,0.5134959999999964
252,WFC.csv,2016-01-12,2.535436,1.0,49.760722,48.530268,1.2304540000000017,2.5354362353820132,0.025038272212780998,218.0,2,Adv-ALSTM,kdd17,0.1,std,0.49588605761528015,0.5,1.0,1,1,1,0.025038272212780998,0.025038272212780998,1.2304540000000017,1.2304540000000017
298,WFC.csv,2016-01-13,-3.173678,0.0,48.181477,49.760722,-1.5792450000000002,-3.1736778256553437,-0.03225130538131216,252.0,2,Adv-ALSTM,kdd17,0.1,std,0.31536605954170227,0.5,0.0,-1,-1,1,0.03225130538131216,0.03225130538131216,1.5792450000000002,1.5792450000000002
345,WFC.csv,2016-01-14,1.829882,1.0,49.063141,48.181477,0.8816640000000007,1.8298816368788378,0.01813340783478385,298.0,2,Adv-ALSTM,kdd17,0.1,std,0.4956246018409729,0.5,1.0,1,1,1,0.01813340783478385,0.01813340783478385,0.8816640000000007,0.8816640000000007
392,WFC.csv,2016-01-15,-3.593997,0.0,47.299813,49.063141,-1.7633280000000013,-3.5939973757489385,-0.036601718423733984,345.0,2,Adv-ALSTM,kdd17,0.1,std,0.4073082506656647,0.5,0.0,-1,-1,1,0.036601718423733984,0.036601718423733984,1.7633280000000013,1.7633280000000013
427,WFC.csv,2016-01-19,-1.249489,0.0,46.708807,47.299813,-0.5910060000000001,-1.2494890836037769,-0.012573608383320539,392.0,2,Adv-ALSTM,kdd17,0.1,std,0.49769094586372375,0.5,1.0,1,1,1,-0.012573608383320539,-0.012573608383320539,-0.5910060000000001,-0.5910060000000001
470,WFC.csv,2016-01-20,-0.705248,0.0,46.379394,46.708807,-0.3294130000000024,-0.7052481558777607,-0.007077467853068697,427.0,2,Adv-ALSTM,kdd17,0.1,std,0.4863572418689728,0.5,1.0,1,1,1,-0.007077467853068697,-0.007077467853068697,-0.3294130000000024,-0.3294130000000024
556,WFC.csv,2016-01-22,2.103733,1.0,47.493586,46.515034,0.9785520000000005,2.1037327415476046,0.02081909817680256,470.0,2,Adv-ALSTM,kdd17,0.1,std,0.456490695476532,0.5,1.0,1,1,1,0.02081909817680256,0.02081909817680256,0.9785520000000005,0.9785520000000005
594,WFC.csv,2016-01-25,-2.774379,0.0,46.175934,47.493586,-1.3176520000000025,-2.7743788392815874,-0.028135917067554195,556.0,2,Adv-ALSTM,kdd17,0.1,std,0.3825136423110962,0.5,0.0,-1,-1,1,0.028135917067554195,0.028135917067554195,1.3176520000000025,1.3176520000000025
635,WFC.csv,2016-01-26,1.258916,1.0,46.75725,46.175934,0.581316000000001,1.2589155207992135,0.012510570648396955,594.0,2,Adv-ALSTM,kdd17,0.1,std,0.494492769241333,0.5,1.0,1,1,1,0.012510570648396955,0.012510570648396955,0.581316000000001,0.581316000000001
668,WFC.csv,2016-01-27,0.642356,1.0,47.057598,46.75725,0.3003479999999996,0.6423559982676476,0.006403016847693009,635.0,2,Adv-ALSTM,kdd17,0.1,std,0.49614018201828003,0.5,1.0,1,1,1,0.006403016847693009,0.006403016847693009,0.3003479999999996,0.3003479999999996
708,WFC.csv,2016-01-28,0.720606,1.0,47.396698,47.057598,0.33910000000000196,0.7206062663886966,0.007180223054633119,668.0,2,Adv-ALSTM,kdd17,0.1,std,0.4999632239341736,0.5,0.0,-1,-1,1,-0.007180223054633119,-0.007180223054633119,-0.33910000000000196,-0.33910000000000196
757,WFC.csv,2016-01-29,2.677845,1.0,48.665908,47.396698,1.269210000000001,2.677844773068371,0.02642618005038796,708.0,2,Adv-ALSTM,kdd17,0.1,std,0.4935586750507355,0.5,0.0,-1,-1,1,-0.02642618005038796,-0.02642618005038796,-1.269210000000001,-1.269210000000001
794,WFC.csv,2016-02-01,-0.577347,0.0,48.384937,48.665908,-0.28097100000000097,-0.5773466715138674,-0.005790197601984792,757.0,2,Adv-ALSTM,kdd17,0.1,std,0.3628564774990082,0.5,0.0,-1,-1,1,0.005790197601984792,0.005790197601984792,0.28097100000000097,0.28097100000000097
839,WFC.csv,2016-02-02,-2.222661,0.0,47.309504,48.384937,-1.0754330000000039,-2.2226607425364713,-0.022477340728965955,794.0,2,Adv-ALSTM,kdd17,0.1,std,0.3052600920200348,0.5,0.0,-1,-1,1,0.022477340728965955,0.022477340728965955,1.0754330000000039,1.0754330000000039
885,WFC.csv,2016-02-03,-1.764531,0.0,46.474713,47.309504,-0.8347909999999956,-1.7645312874131922,-0.01780284732132819,839.0,2,Adv-ALSTM,kdd17,0.1,std,0.40296903252601624,0.5,0.0,-1,-1,1,0.01780284732132819,0.01780284732132819,0.8347909999999956,0.8347909999999956
923,WFC.csv,2016-02-04,1.365549,1.0,47.109348,46.474713,0.6346349999999958,1.3655490459940995,0.013563094441779711,885.0,2,Adv-ALSTM,kdd17,0.1,std,0.36660638451576233,0.5,0.0,-1,-1,1,-0.013563094441779711,-0.013563094441779711,-0.6346349999999958,-0.6346349999999958
962,WFC.csv,2016-02-05,-0.80829,0.0,46.728568,47.109348,-0.38077999999999435,-0.8082896838224005,-0.008115740550156533,923.0,2,Adv-ALSTM,kdd17,0.1,std,0.3078368604183197,0.5,0.0,-1,-1,1,0.008115740550156533,0.008115740550156533,0.38077999999999435,0.38077999999999435
999,WFC.csv,2016-02-08,-2.841621,0.0,45.400719,46.728568,-1.3278490000000005,-2.841621425248898,-0.028827770190661198,962.0,2,Adv-ALSTM,kdd17,0.1,std,0.3295818269252777,0.5,0.0,-1,-1,1,0.028827770190661198,0.028827770190661198,1.3278490000000005,1.3278490000000005
1065,WFC.csv,2016-02-10,-0.602806,0.0,45.078518,45.351902,-0.27338400000000007,-0.6028060300536019,-0.006046302402635581,999.0,2,Adv-ALSTM,kdd17,0.1,std,0.3272867500782013,0.5,0.0,-1,-1,1,0.006046302402635581,0.006046302402635581,0.27338400000000007,0.27338400000000007
1105,WFC.csv,2016-02-11,-2.187563,0.0,44.092397,45.078518,-0.9861210000000042,-2.187563042777946,-0.02211844978063006,1065.0,2,Adv-ALSTM,kdd17,0.1,std,0.4800000488758087,0.5,0.0,-1,-1,1,0.02211844978063006,0.02211844978063006,0.9861210000000042,0.9861210000000042
1142,WFC.csv,2016-02-12,4.760853,1.0,46.191571,44.092397,2.099174000000005,4.760852534281602,0.046509971593503285,1105.0,2,Adv-ALSTM,kdd17,0.1,std,0.49685385823249817,0.5,0.0,-1,-1,1,-0.046509971593503285,-0.046509971593503285,-2.099174000000005,-2.099174000000005
1178,WFC.csv,2016-02-16,1.965759,1.0,47.099586,46.191571,0.9080149999999989,1.9657590775598408,0.019466875619852567,1142.0,2,Adv-ALSTM,kdd17,0.1,std,0.3406519293785095,0.5,0.0,-1,-1,1,-0.019466875619852567,-0.019466875619852567,-0.9080149999999989,-0.9080149999999989
1245,WFC.csv,2016-02-18,-0.831085,0.0,46.601641,46.992186,-0.3905449999999959,-0.831084980809354,-0.008345577465106268,1178.0,2,Adv-ALSTM,kdd17,0.1,std,0.43863338232040405,0.5,0.0,-1,-1,1,0.008345577465106268,0.008345577465106268,0.3905449999999959,0.3905449999999959
1267,WFC.csv,2016-02-19,0.754244,1.0,46.953131,46.601641,0.3514899999999983,0.7542438258772868,0.007514136292793756,1245.0,2,Adv-ALSTM,kdd17,0.1,std,0.40000060200691223,0.5,0.0,-1,-1,1,-0.007514136292793756,-0.007514136292793756,-0.3514899999999983,-0.3514899999999983
1308,WFC.csv,2016-02-22,2.287375,1.0,48.027125,46.953131,1.073993999999999,2.2873746161890653,0.02261606406667689,1267.0,2,Adv-ALSTM,kdd17,0.1,std,0.34905052185058594,0.5,0.0,-1,-1,1,-0.02261606406667689,-0.02261606406667689,-1.073993999999999,-1.073993999999999
1346,WFC.csv,2016-02-23,-2.215898,0.0,46.962893,48.027125,-1.064231999999997,-2.2158977869276937,-0.02240817621922797,1308.0,2,Adv-ALSTM,kdd17,0.1,std,0.2773880660533905,0.5,0.0,-1,-1,1,0.02240817621922797,0.02240817621922797,1.064231999999997,1.064231999999997
1368,WFC.csv,2016-02-24,-1.018706,0.0,46.484479,46.962893,-0.4784140000000008,-1.0187064072053669,-0.01023930731561861,1346.0,2,Adv-ALSTM,kdd17,0.1,std,0.3318501114845276,0.5,0.0,-1,-1,1,0.01023930731561861,0.01023930731561861,0.4784140000000008,0.4784140000000008
1444,WFC.csv,2016-02-26,0.670157,1.0,46.933603,46.621168,0.3124350000000007,0.6701569553126613,0.00667921385913404,1368.0,2,Adv-ALSTM,kdd17,0.1,std,0.4624929130077362,0.5,0.0,-1,-1,1,-0.00667921385913404,-0.00667921385913404,-0.3124350000000007,-0.3124350000000007
1476,WFC.csv,2016-02-29,-2.392348,0.0,45.810788,46.933603,-1.1228149999999957,-2.392347759876854,-0.024214291542862962,1444.0,2,Adv-ALSTM,kdd17,0.1,std,0.49638739228248596,0.5,0.0,-1,-1,1,0.024214291542862962,0.024214291542862962,1.1228149999999957,1.1228149999999957
1523,WFC.csv,2016-03-01,3.836323,1.0,47.568238,45.810788,1.7574499999999986,3.8363234441634106,0.03764566037173179,1476.0,2,Adv-ALSTM,kdd17,0.1,std,0.49183231592178345,0.5,1.0,1,1,1,0.03764566037173179,0.03764566037173179,1.7574499999999986,1.7574499999999986
1551,WFC.csv,2016-03-02,1.74466,1.0,48.398142,47.568238,0.8299039999999991,1.7446599556620095,0.017296154949148546,1523.0,2,Adv-ALSTM,kdd17,0.1,std,0.4375346004962921,0.5,0.0,-1,-1,1,-0.017296154949148546,-0.017296154949148546,-0.8299039999999991,-0.8299039999999991
1602,WFC.csv,2016-03-04,0.683142,1.0,48.925377,48.593415,0.3319619999999972,0.6831419442325616,0.006808191025228398,1551.0,2,Adv-ALSTM,kdd17,0.1,std,0.3825135827064514,0.5,0.0,-1,-1,1,-0.006808191025228398,-0.006808191025228398,-0.3319619999999972,-0.3319619999999972
1671,WFC.csv,2016-03-08,-2.037149,0.0,47.890435,48.886322,-0.9958870000000033,-2.0371485504677636,-0.02058184602302378,1602.0,2,Adv-ALSTM,kdd17,0.1,std,0.3531067669391632,0.5,0.0,-1,-1,1,0.02058184602302378,0.02058184602302378,0.9958870000000033,0.9958870000000033
1697,WFC.csv,2016-03-09,-0.530068,0.0,47.636583,47.890435,-0.25385199999999486,-0.5300682693736127,-0.005314781155296347,1671.0,2,Adv-ALSTM,kdd17,0.1,std,0.4737091660499573,0.5,0.0,-1,-1,1,0.005314781155296347,0.005314781155296347,0.25385199999999486,0.25385199999999486
1729,WFC.csv,2016-03-10,-0.573893,0.0,47.3632,47.636583,-0.2733830000000026,-0.5738929679318153,-0.005755460613168347,1697.0,2,Adv-ALSTM,kdd17,0.1,std,0.46330928802490234,0.5,0.0,-1,-1,1,0.005755460613168347,0.005755460613168347,0.2733830000000026,0.2733830000000026
1771,WFC.csv,2016-03-11,3.215834,1.0,48.886322,47.3632,1.5231220000000008,3.2158342341733683,0.03165208779148858,1729.0,2,Adv-ALSTM,kdd17,0.1,std,0.3874841630458832,0.5,0.0,-1,-1,1,-0.03165208779148858,-0.03165208779148858,-1.5231220000000008,-1.5231220000000008
1844,WFC.csv,2016-03-16,-0.88035,0.0,48.368853,48.79845,-0.4295970000000011,-0.880349683237892,-0.008842476551130029,1771.0,2,Adv-ALSTM,kdd17,0.1,std,0.46082940697669983,0.5,1.0,1,1,1,-0.008842476551130029,-0.008842476551130029,-0.4295970000000011,-0.4295970000000011
1908,WFC.csv,2016-03-18,1.628797,1.0,49.345212,48.55436,0.7908519999999939,1.6287970843400958,0.016156744865421624,1844.0,2,Adv-ALSTM,kdd17,0.1,std,0.4294935464859009,0.5,0.0,-1,-1,1,-0.016156744865421624,-0.016156744865421624,-0.7908519999999939,-0.7908519999999939
1957,WFC.csv,2016-03-22,-0.592065,0.0,49.179229,49.472136,-0.2929069999999996,-0.5920645916723701,-0.005938242430286996,1908.0,2,Adv-ALSTM,kdd17,0.1,std,0.32958176732063293,0.5,0.0,-1,-1,1,0.005938242430286996,0.005938242430286996,0.2929069999999996,0.2929069999999996
1987,WFC.csv,2016-03-23,-1.21104,0.0,48.583649,49.179229,-0.5955799999999982,-1.211039725734615,-0.012184325592160318,1957.0,2,Adv-ALSTM,kdd17,0.1,std,0.3808194696903229,0.5,0.0,-1,-1,1,0.012184325592160318,0.012184325592160318,0.5955799999999982,0.5955799999999982
2010,WFC.csv,2016-03-24,-1.728289,0.0,47.743983,48.583649,-0.8396660000000011,-1.7282892851461222,-0.017433985452936493,1987.0,2,Adv-ALSTM,kdd17,0.1,std,0.39387351274490356,0.5,1.0,1,1,1,-0.017433985452936493,-0.017433985452936493,-0.8396660000000011,-0.8396660000000011
2061,WFC.csv,2016-03-29,-1.334707,0.0,46.914075,47.548711,-0.6346360000000004,-1.3347070544141575,-0.013436943277856533,2010.0,2,Adv-ALSTM,kdd17,0.1,std,0.3891073167324066,0.5,1.0,1,1,1,-0.013436943277856533,-0.013436943277856533,-0.6346360000000004,-0.6346360000000004
2086,WFC.csv,2016-03-30,1.248704,1.0,47.499893,46.914075,0.5858180000000033,1.2487041468898263,0.012409721367418707,2061.0,2,Adv-ALSTM,kdd17,0.1,std,0.357070654630661,0.5,1.0,1,1,1,0.012409721367418707,0.012409721367418707,0.5858180000000033,0.5858180000000033
2113,WFC.csv,2016-03-31,-0.596096,0.0,47.216748,47.499893,-0.28314499999999754,-0.5960960796269532,-0.005978798243952281,2086.0,2,Adv-ALSTM,kdd17,0.1,std,0.4155924320220947,0.5,1.0,1,1,1,-0.005978798243952281,-0.005978798243952281,-0.28314499999999754,-0.28314499999999754
2209,WFC.csv,2016-04-05,-2.041241,0.0,46.38684,47.353438,-0.9665979999999976,-2.0412414405898,-0.020623626918173134,2113.0,2,Adv-ALSTM,kdd17,0.1,std,0.4306790828704834,0.5,1.0,1,1,1,-0.020623626918173134,-0.020623626918173134,-0.9665979999999976,-0.9665979999999976
2247,WFC.csv,2016-04-06,1.199756,1.0,46.943369,46.38684,0.5565289999999976,1.1997562239635156,0.011926162008257002,2209.0,2,Adv-ALSTM,kdd17,0.1,std,0.400000661611557,0.5,1.0,1,1,1,0.011926162008257002,0.011926162008257002,0.5565289999999976,0.5565289999999976
2283,WFC.csv,2016-04-07,-2.39185,0.0,45.820554,46.943369,-1.1228149999999957,-2.3918500608680127,-0.024209192580552697,2247.0,2,Adv-ALSTM,kdd17,0.1,std,0.3469870090484619,0.5,0.0,-1,-1,1,0.024209192580552697,0.024209192580552697,1.1228149999999957,1.1228149999999957
2364,WFC.csv,2016-04-12,1.573468,1.0,46.640696,45.918188,0.7225079999999977,1.573468012283058,0.015612173441495038,2283.0,2,Adv-ALSTM,kdd17,0.1,std,0.36845120787620544,0.5,1.0,1,1,1,0.015612173441495038,0.015612173441495038,0.7225079999999977,0.7225079999999977
2403,WFC.csv,2016-04-13,2.637634,1.0,47.870907,46.640696,1.2302110000000042,2.637634309745301,0.026034485629521223,2364.0,2,Adv-ALSTM,kdd17,0.1,std,0.27738791704177856,0.5,0.0,-1,-1,1,-0.026034485629521223,-0.026034485629521223,-1.2302110000000042,-1.2302110000000042
2445,WFC.csv,2016-04-15,-1.106786,0.0,47.109348,47.636583,-0.5272350000000046,-1.106785933827379,-0.011129563806779631,2403.0,2,Adv-ALSTM,kdd17,0.1,std,0.418239563703537,0.5,0.0,-1,-1,1,0.011129563806779631,0.011129563806779631,0.5272350000000046,0.5272350000000046
2475,WFC.csv,2016-04-18,1.222798,1.0,47.6854,47.109348,0.5760520000000042,1.2227976494177,0.012153818710663032,2445.0,2,Adv-ALSTM,kdd17,0.1,std,0.4972887933254242,0.5,1.0,1,1,1,0.012153818710663032,0.012153818710663032,0.5760520000000042,0.5760520000000042
2510,WFC.csv,2016-04-19,2.129404,1.0,48.700815,47.6854,1.0154149999999973,2.1294043879258586,0.021070493683665724,2475.0,2,Adv-ALSTM,kdd17,0.1,std,0.44498878717422485,0.5,0.0,-1,-1,1,-0.021070493683665724,-0.021070493683665724,-1.0154149999999973,-1.0154149999999973
2544,WFC.csv,2016-04-20,1.142743,1.0,49.25734,48.700815,0.5565250000000006,1.1427426830536627,0.011362626984951002,2510.0,2,Adv-ALSTM,kdd17,0.1,std,0.3318502604961395,0.5,0.0,-1,-1,1,-0.011362626984951002,-0.011362626984951002,-0.5565250000000006,-0.5565250000000006
2575,WFC.csv,2016-04-21,-0.792867,0.0,48.866795,49.25734,-0.3905449999999959,-0.7928666062763354,-0.007960265071683558,2544.0,2,Adv-ALSTM,kdd17,0.1,std,0.26817214488983154,0.5,0.0,-1,-1,1,0.007960265071683558,0.007960265071683558,0.3905449999999959,0.3905449999999959
2607,WFC.csv,2016-04-22,1.138859,1.0,49.423319,48.866795,0.556523999999996,1.138859219230555,0.011324230375599958,2575.0,2,Adv-ALSTM,kdd17,0.1,std,0.39071205258369446,0.5,0.0,-1,-1,1,-0.011324230375599958,-0.011324230375599958,-0.556523999999996,-0.556523999999996
2658,WFC.csv,2016-04-26,0.81172,1.0,49.716226,49.315919,0.40030699999999797,0.8117196396563106,0.008084429157210074,2607.0,2,Adv-ALSTM,kdd17,0.1,std,0.37386658787727356,0.5,0.0,-1,-1,1,-0.008084429157210074,-0.008084429157210074,-0.40030699999999797,-0.40030699999999797
2713,WFC.csv,2016-04-28,-1.021009,0.0,49.218285,49.725992,-0.5077069999999964,-1.0210092942942122,-0.010262573468191686,2658.0,2,Adv-ALSTM,kdd17,0.1,std,0.44801443815231323,0.5,1.0,1,1,1,-0.010262573468191686,-0.010262573468191686,-0.5077069999999964,-0.5077069999999964
2742,WFC.csv,2016-04-29,-0.853006,0.0,48.79845,49.218285,-0.41983499999999907,-0.8530061541152826,-0.00856665073674312,2713.0,2,Adv-ALSTM,kdd17,0.1,std,0.42829376459121704,0.5,1.0,1,1,1,-0.00856665073674312,-0.00856665073674312,-0.41983499999999907,-0.41983499999999907
2775,WFC.csv,2016-05-02,1.22049,1.0,49.39403,48.79845,0.5955799999999982,1.2204895852224777,0.01213101662888634,2742.0,2,Adv-ALSTM,kdd17,0.1,std,0.4649127423763275,0.5,1.0,1,1,1,0.01213101662888634,0.01213101662888634,0.5955799999999982,0.5955799999999982
2810,WFC.csv,2016-05-03,-1.16624,0.0,48.817977,49.39403,-0.5760530000000017,-1.166240130639273,-0.01173094051750699,2775.0,2,Adv-ALSTM,kdd17,0.1,std,0.38081955909729004,0.5,0.0,-1,-1,1,0.01173094051750699,0.01173094051750699,0.5760530000000017,0.5760530000000017
2841,WFC.csv,2016-05-04,-1.370417,0.0,48.148967,48.817977,-0.6690100000000001,-1.3704172952517064,-0.01379894194720671,2810.0,2,Adv-ALSTM,kdd17,0.1,std,0.4555913805961609,0.5,1.0,1,1,1,-0.01379894194720671,-0.01379894194720671,-0.6690100000000001,-0.6690100000000001
2966,WFC.csv,2016-05-10,1.063832,1.0,48.601535,48.089939,0.5115959999999973,1.0638316675760335,0.010582127936026031,2841.0,2,Adv-ALSTM,kdd17,0.1,std,0.38748422265052795,0.5,1.0,1,1,1,0.010582127936026031,0.010582127936026031,0.5115959999999973,0.5115959999999973
2994,WFC.csv,2016-05-11,-0.647772,0.0,48.286708,48.601535,-0.3148270000000011,-0.6477717216133216,-0.006498788672213137,2966.0,2,Adv-ALSTM,kdd17,0.1,std,0.42708292603492737,0.5,0.0,-1,-1,1,0.006498788672213137,0.006498788672213137,0.3148270000000011,0.3148270000000011
3059,WFC.csv,2016-05-13,-1.951217,0.0,47.460285,48.404767,-0.9444820000000007,-1.9512169121690033,-0.0197050445616535,2994.0,2,Adv-ALSTM,kdd17,0.1,std,0.4509372115135193,0.5,1.0,1,1,1,-0.0197050445616535,-0.0197050445616535,-0.9444820000000007,-0.9444820000000007
3130,WFC.csv,2016-05-17,-1.346594,0.0,46.850303,47.489798,-0.6394950000000037,-1.3465944833035586,-0.01355743291210227,3059.0,2,Adv-ALSTM,kdd17,0.1,std,0.4128870964050293,0.5,1.0,1,1,1,-0.01355743291210227,-0.01355743291210227,-0.6394950000000037,-0.6394950000000037
3163,WFC.csv,2016-05-18,2.162961,1.0,47.863657,46.850303,1.0133540000000067,2.1629614647316298,0.021399013811841006,3130.0,2,Adv-ALSTM,kdd17,0.1,std,0.4221096336841583,0.5,1.0,1,1,1,0.021399013811841006,0.021399013811841006,1.0133540000000067,1.0133540000000067
3193,WFC.csv,2016-05-19,-0.554985,0.0,47.598021,47.863657,-0.26563600000000065,-0.5549847559704865,-0.0055653051818328105,3163.0,2,Adv-ALSTM,kdd17,0.1,std,0.3907124102115631,0.5,0.0,-1,-1,1,0.0055653051818328105,0.0055653051818328105,0.26563600000000065,0.26563600000000065
3225,WFC.csv,2016-05-20,0.764778,1.0,47.96204,47.598021,0.364018999999999,0.7647775944298166,0.007618679958080398,3193.0,2,Adv-ALSTM,kdd17,0.1,std,0.44079825282096863,0.5,1.0,1,1,1,0.007618679958080398,0.007618679958080398,0.364018999999999,0.364018999999999
3290,WFC.csv,2016-05-24,1.026693,1.0,48.404767,47.912849,0.4919179999999983,1.026693278039046,0.01021458581632421,3225.0,2,Adv-ALSTM,kdd17,0.1,std,0.4258583188056946,0.5,0.0,-1,-1,1,-0.01021458581632421,-0.01021458581632421,-0.4919179999999983,-0.4919179999999983
3321,WFC.csv,2016-05-25,2.642275,1.0,49.683754,48.404767,1.2789870000000008,2.642274881728076,0.026079697769392493,3290.0,2,Adv-ALSTM,kdd17,0.1,std,0.40730854868888855,0.5,0.0,-1,-1,1,-0.026079697769392493,-0.026079697769392493,-1.2789870000000008,-1.2789870000000008
3365,WFC.csv,2016-05-27,0.59347,1.0,50.028095,49.732945,0.2951499999999996,0.5934697814497001,0.005917156861378819,3321.0,2,Adv-ALSTM,kdd17,0.1,std,0.357070654630661,0.5,0.0,-1,-1,1,-0.005917156861378819,-0.005917156861378819,-0.2951499999999996,-0.2951499999999996
3415,WFC.csv,2016-06-01,0.552048,1.0,50.175672,49.900199,0.2754729999999981,0.5520478986466528,0.0055052969913074856,3365.0,2,Adv-ALSTM,kdd17,0.1,std,0.3702757656574249,0.5,0.0,-1,-1,1,-0.0055052969913074856,-0.0055052969913074856,-0.2754729999999981,-0.2754729999999981
3466,WFC.csv,2016-06-03,-1.800044,0.0,49.378763,50.283895,-0.9051320000000018,-1.8000435328249766,-0.018164413935559443,3415.0,2,Adv-ALSTM,kdd17,0.1,std,0.33408990502357483,0.5,0.0,-1,-1,1,0.018164413935559443,0.018164413935559443,0.9051320000000018,0.9051320000000018
3494,WFC.csv,2016-06-06,0.597735,1.0,49.673917,49.378763,0.2951540000000037,0.5977346982142986,0.005959553513620799,3466.0,2,Adv-ALSTM,kdd17,0.1,std,0.3825135827064514,0.5,0.0,-1,-1,1,-0.005959553513620799,-0.005959553513620799,-0.2951540000000037,-0.2951540000000037
3539,WFC.csv,2016-06-08,-0.5371,0.0,49.191836,49.457472,-0.26563600000000065,-0.537099833974532,-0.005385474007117746,3494.0,2,Adv-ALSTM,kdd17,0.1,std,0.33630266785621643,0.5,1.0,1,1,1,-0.005385474007117746,-0.005385474007117746,-0.26563600000000065,-0.26563600000000065
3566,WFC.csv,2016-06-09,-1.720003,0.0,48.345735,49.191836,-0.8461010000000044,-1.7200028882841543,-0.017349667723434107,3539.0,2,Adv-ALSTM,kdd17,0.1,std,0.4058769643306732,0.5,1.0,1,1,1,-0.017349667723434107,-0.017349667723434107,-0.8461010000000044,-0.8461010000000044
3598,WFC.csv,2016-06-10,-1.627999,0.0,47.558667,48.345735,-0.7870679999999979,-1.627998829679594,-0.01641396337136945,3566.0,2,Adv-ALSTM,kdd17,0.1,std,0.4246211349964142,0.5,1.0,1,1,1,-0.01641396337136945,-0.01641396337136945,-0.7870679999999979,-0.7870679999999979
3631,WFC.csv,2016-06-13,-0.76541,0.0,47.194648,47.558667,-0.364018999999999,-0.7654104350737984,-0.007683547343492355,3598.0,2,Adv-ALSTM,kdd17,0.1,std,0.38418713212013245,0.5,1.0,1,1,1,-0.007683547343492355,-0.007683547343492355,-0.364018999999999,-0.364018999999999
3660,WFC.csv,2016-06-14,-2.272253,0.0,46.122266,47.194648,-1.0723819999999975,-2.2722534131412475,-0.02298466944069011,3631.0,2,Adv-ALSTM,kdd17,0.1,std,0.39849239587783813,0.5,1.0,1,1,1,-0.02298466944069011,-0.02298466944069011,-1.0723819999999975,-1.0723819999999975
3741,WFC.csv,2016-06-17,-0.533618,0.0,45.846789,46.092748,-0.24595899999999915,-0.5336175660431423,-0.005350463898136,3660.0,2,Adv-ALSTM,kdd17,0.1,std,0.39696866273880005,0.5,0.0,-1,-1,1,0.005350463898136,0.005350463898136,0.24595899999999915,0.24595899999999915
3774,WFC.csv,2016-06-20,0.708159,1.0,46.171457,45.846789,0.3246679999999955,0.7081586455269431,0.007056629774566543,3741.0,2,Adv-ALSTM,kdd17,0.1,std,0.37910982966423035,0.5,1.0,1,1,1,0.007056629774566543,0.007056629774566543,0.3246679999999955,0.3246679999999955
3800,WFC.csv,2016-06-21,0.639248,1.0,46.466607,46.171457,0.2951500000000067,0.6392477499681388,0.006372132273624766,3774.0,2,Adv-ALSTM,kdd17,0.1,std,0.4449887275695801,0.5,1.0,1,1,1,0.006372132273624766,0.006372132273624766,0.2951500000000067,0.2951500000000067
3819,WFC.csv,2016-06-22,-0.550494,0.0,46.210811,46.466607,-0.2557960000000037,-0.5504942506346626,-0.00552015054092903,3800.0,2,Adv-ALSTM,kdd17,0.1,std,0.44395890831947327,0.5,0.0,-1,-1,1,0.00552015054092903,0.00552015054092903,0.2557960000000037,0.2557960000000037
3856,WFC.csv,2016-06-23,2.001276,1.0,47.135617,46.210811,0.9248060000000038,2.0012762814312084,0.019815139780949308,3819.0,2,Adv-ALSTM,kdd17,0.1,std,0.41954323649406433,0.5,1.0,1,1,1,0.019815139780949308,0.019815139780949308,0.9248060000000038,0.9248060000000038
3901,WFC.csv,2016-06-24,-4.591946,0.0,44.971175,47.135617,-2.164442000000001,-4.59194583153542,-0.04700718585150103,3856.0,2,Adv-ALSTM,kdd17,0.1,std,0.3531067669391632,0.5,0.0,-1,-1,1,0.04700718585150103,0.04700718585150103,2.164442000000001,2.164442000000001
3945,WFC.csv,2016-06-27,-1.531394,0.0,44.282489,44.971175,-0.6886860000000041,-1.5313942764448651,-0.01543241223194539,3901.0,2,Adv-ALSTM,kdd17,0.1,std,0.46948450803756714,0.5,1.0,1,1,1,-0.01543241223194539,-0.01543241223194539,-0.6886860000000041,-0.6886860000000041
3986,WFC.csv,2016-06-28,2.421684,1.0,45.354871,44.282489,1.0723820000000046,2.4216841108457223,0.023928263094543614,3945.0,2,Adv-ALSTM,kdd17,0.1,std,0.49183231592178345,0.5,1.0,1,1,1,0.023928263094543614,0.023928263094543614,1.0723820000000046,1.0723820000000046
4029,WFC.csv,2016-06-29,1.887206,1.0,46.210811,45.354871,0.8559399999999968,1.8872063377712986,0.018696195207953546,3986.0,2,Adv-ALSTM,kdd17,0.1,std,0.39849257469177246,0.5,0.0,-1,-1,1,-0.018696195207953546,-0.018696195207953546,-0.8559399999999968,-0.8559399999999968
4076,WFC.csv,2016-06-30,0.766448,1.0,46.564993,46.210811,0.35418200000000155,0.7664483533950563,0.007635260604155712,4029.0,2,Adv-ALSTM,kdd17,0.1,std,0.3490505814552307,0.5,0.0,-1,-1,1,-0.007635260604155712,-0.007635260604155712,-0.35418200000000155,-0.35418200000000155
4099,WFC.csv,2016-07-01,-0.633854,0.0,46.269839,46.564993,-0.2951540000000037,-0.6338538481043123,-0.006358712309655668,4076.0,2,Adv-ALSTM,kdd17,0.1,std,0.3384915590286255,0.5,0.0,-1,-1,1,0.006358712309655668,0.006358712309655668,0.2951540000000037,0.2951540000000037
4132,WFC.csv,2016-07-05,-1.743568,0.0,45.463093,46.269839,-0.8067459999999969,-1.7435677699245873,-0.017589469391066728,4099.0,2,Adv-ALSTM,kdd17,0.1,std,0.4921952188014984,0.5,0.0,-1,-1,1,0.017589469391066728,0.017589469391066728,0.8067459999999969,0.8067459999999969
4161,WFC.csv,2016-07-06,0.952181,1.0,45.895984,45.463093,0.4328909999999979,0.9521811461441876,0.009476764739862514,4132.0,2,Adv-ALSTM,kdd17,0.1,std,0.41559240221977234,0.5,0.0,-1,-1,1,-0.009476764739862514,-0.009476764739862514,-0.4328909999999979,-0.4328909999999979
4234,WFC.csv,2016-07-08,2.115388,1.0,47.017557,46.043557,0.9739999999999966,2.1153882615975927,0.020933245373258823,4161.0,2,Adv-ALSTM,kdd17,0.1,std,0.45649072527885437,0.5,0.0,-1,-1,1,-0.020933245373258823,-0.020933245373258823,-0.9739999999999966,-0.9739999999999966
4258,WFC.csv,2016-07-11,0.606824,1.0,47.302871,47.017557,0.28531400000000673,0.6068243826449911,0.006049906182351602,4234.0,2,Adv-ALSTM,kdd17,0.1,std,0.372081458568573,0.5,0.0,-1,-1,1,-0.006049906182351602,-0.006049906182351602,-0.28531400000000673,-0.28531400000000673
4289,WFC.csv,2016-07-12,0.561556,1.0,47.568503,47.302871,0.26563199999999654,0.5615557668793434,0.005599849205245252,4258.0,2,Adv-ALSTM,kdd17,0.1,std,0.30783718824386597,0.5,0.0,-1,-1,1,-0.005599849205245252,-0.005599849205245252,-0.26563199999999654,-0.26563199999999654
4336,WFC.csv,2016-07-14,1.388022,1.0,48.148967,47.489798,0.6591689999999986,1.388022328500952,0.01378477519883394,4289.0,2,Adv-ALSTM,kdd17,0.1,std,0.36845117807388306,0.5,0.0,-1,-1,1,-0.01378477519883394,-0.01378477519883394,-0.6591689999999986,-0.6591689999999986
4348,WFC.csv,2016-07-15,-2.513279,0.0,46.938849,48.148967,-1.2101180000000014,-2.5132792568530107,-0.025454014766197137,4336.0,2,Adv-ALSTM,kdd17,0.1,std,0.34065189957618713,0.5,0.0,-1,-1,1,0.025454014766197137,0.025454014766197137,1.2101180000000014,1.2101180000000014
4363,WFC.csv,2016-07-18,1.194716,1.0,47.499635,46.938849,0.5607860000000002,1.1947161294900952,0.011876357342982757,4348.0,2,Adv-ALSTM,kdd17,0.1,std,0.4890635311603546,0.5,0.0,-1,-1,1,-0.011876357342982757,-0.011876357342982757,-0.5607860000000002,-0.5607860000000002
4430,WFC.csv,2016-07-21,-0.637732,0.0,47.519312,47.824303,-0.3049910000000011,-0.6377322425378602,-0.006397744417422646,4363.0,2,Adv-ALSTM,kdd17,0.1,std,0.4418640434741974,0.5,0.0,-1,-1,1,0.006397744417422646,0.006397744417422646,0.3049910000000011,0.3049910000000011
4665,WFC.csv,2016-08-04,0.567587,1.0,47.444713,47.176943,0.26776999999999873,0.5675865856759704,0.005659818822058481,4430.0,2,Adv-ALSTM,kdd17,0.1,std,0.41823941469192505,0.5,1.0,1,1,1,0.005659818822058481,0.005659818822058481,0.26776999999999873,0.26776999999999873
4696,WFC.csv,2016-08-05,1.755852,1.0,48.277772,47.444713,0.8330589999999987,1.7558521220267445,0.01740615139349879,4665.0,2,Adv-ALSTM,kdd17,0.1,std,0.43416187167167664,0.5,1.0,1,1,1,0.01740615139349879,0.01740615139349879,0.8330589999999987,0.8330589999999987
4744,WFC.csv,2016-08-10,-1.532802,0.0,47.781904,48.525707,-0.7438029999999998,-1.5328019847294545,-0.015446708345276677,4696.0,2,Adv-ALSTM,kdd17,0.1,std,0.47820785641670227,0.5,0.0,-1,-1,1,0.015446708345276677,0.015446708345276677,0.7438029999999998,0.7438029999999998
4778,WFC.csv,2016-08-12,-0.70481,0.0,47.504218,47.841409,-0.33719099999999713,-0.704809927316307,-0.007073054451692766,4744.0,2,Adv-ALSTM,kdd17,0.1,std,0.4555913209915161,0.5,0.0,-1,-1,1,0.007073054451692766,0.007073054451692766,0.33719099999999713,0.33719099999999713
4802,WFC.csv,2016-08-15,0.772441,1.0,47.87116,47.504218,0.36694200000000166,0.7724408809339871,0.007694728308512475,4778.0,2,Adv-ALSTM,kdd17,0.1,std,0.4460085928440094,0.5,1.0,1,1,1,0.007694728308512475,0.007694728308512475,0.36694200000000166,0.36694200000000166
4964,WFC.csv,2016-08-25,-0.514085,0.0,47.980252,48.228186,-0.24793400000000076,-0.5140852695558584,-0.005154112342226054,4802.0,2,Adv-ALSTM,kdd17,0.1,std,0.41424673795700073,0.5,0.0,-1,-1,1,0.005154112342226054,0.005154112342226054,0.24793400000000076,0.24793400000000076
5012,WFC.csv,2016-08-29,2.164508,1.0,49.150502,48.109175,1.0413270000000026,2.164508121371864,0.021414152810463074,4964.0,2,Adv-ALSTM,kdd17,0.1,std,0.456490695476532,0.5,1.0,1,1,1,0.021414152810463074,0.021414152810463074,1.0413270000000026,1.0413270000000026
5034,WFC.csv,2016-08-30,2.138816,1.0,50.201741,49.150502,1.0512389999999954,2.1388164051711933,0.02116264719844598,5012.0,2,Adv-ALSTM,kdd17,0.1,std,0.4429173469543457,0.5,0.0,-1,-1,1,-0.02116264719844598,-0.02116264719844598,-1.0512389999999954,-1.0512389999999954
5066,WFC.csv,2016-09-01,-0.728343,0.0,50.013313,50.380254,-0.3669410000000042,-0.7283428940235279,-0.007310082607719462,5034.0,2,Adv-ALSTM,kdd17,0.1,std,0.4195433557033539,0.5,0.0,-1,-1,1,0.007310082607719462,0.007310082607719462,0.3669410000000042,0.3669410000000042
5124,WFC.csv,2016-09-06,-1.107808,0.0,49.57695,50.13232,-0.5553700000000035,-1.1078082961251412,-0.011139901903200782,5066.0,2,Adv-ALSTM,kdd17,0.1,std,0.38081949949264526,0.5,0.0,-1,-1,1,0.011139901903200782,0.011139901903200782,0.5553700000000035,0.5553700000000035
5208,WFC.csv,2016-09-09,-2.364729,0.0,48.317443,49.487693,-1.170250000000003,-2.364729347961326,-0.02393137821939259,5124.0,2,Adv-ALSTM,kdd17,0.1,std,0.45283156633377075,0.5,0.0,-1,-1,1,0.02393137821939259,0.02393137821939259,1.170250000000003,1.170250000000003
5301,WFC.csv,2016-09-13,-3.255052,0.0,46.571983,48.13893,-1.566946999999999,-3.2550515767591817,-0.033092068121011065,5208.0,2,Adv-ALSTM,kdd17,0.1,std,0.4233722984790802,0.5,1.0,1,1,1,-0.033092068121011065,-0.033092068121011065,-1.566946999999999,-1.566946999999999
5323,WFC.csv,2016-09-14,-0.936965,0.0,46.13562,46.571983,-0.43636300000000006,-0.9369646123936789,-0.009413817387436057,5301.0,2,Adv-ALSTM,kdd17,0.1,std,0.33849138021469116,0.5,1.0,1,1,1,-0.009413817387436057,-0.009413817387436057,-0.43636300000000006,-0.43636300000000006
5359,WFC.csv,2016-09-15,-0.795355,0.0,45.768678,46.13562,-0.36694200000000166,-0.7953550857233557,-0.007985349060833582,5323.0,2,Adv-ALSTM,kdd17,0.1,std,0.3448997437953949,0.5,1.0,1,1,1,-0.007985349060833582,-0.007985349060833582,-0.36694200000000166,-0.36694200000000166
5390,WFC.csv,2016-09-16,-1.560132,0.0,45.054626,45.768678,-0.7140520000000024,-1.5601324556501333,-0.015724306013176568,5359.0,2,Adv-ALSTM,kdd17,0.1,std,0.39849257469177246,0.5,0.0,-1,-1,1,0.015724306013176568,0.015724306013176568,0.7140520000000024,0.7140520000000024
5420,WFC.csv,2016-09-19,1.276686,1.0,45.629832,45.054626,0.5752060000000014,1.2766857725109102,0.012686048457175313,5390.0,2,Adv-ALSTM,kdd17,0.1,std,0.3609488904476166,0.5,1.0,1,1,1,0.012686048457175313,0.012686048457175313,0.5752060000000014,0.5752060000000014
5441,WFC.csv,2016-09-20,1.195398,1.0,46.17529,45.629832,0.5454579999999964,1.195397782748787,0.011883093376137056,5420.0,2,Adv-ALSTM,kdd17,0.1,std,0.4155925214290619,0.5,1.0,1,1,1,0.011883093376137056,0.011883093376137056,0.5454579999999964,0.5454579999999964
5484,WFC.csv,2016-09-21,-1.567867,0.0,45.451323,46.17529,-0.7239669999999947,-1.5678667096622343,-0.01580287740965033,5441.0,2,Adv-ALSTM,kdd17,0.1,std,0.44701796770095825,0.5,0.0,-1,-1,1,0.01580287740965033,0.01580287740965033,0.7239669999999947,0.7239669999999947
5569,WFC.csv,2016-09-26,-1.880194,0.0,44.509171,45.362066,-0.8528949999999966,-1.8801943456455372,-0.01898094729325742,5484.0,2,Adv-ALSTM,kdd17,0.1,std,0.4546826183795929,0.5,1.0,1,1,1,-0.01898094729325742,-0.01898094729325742,-0.8528949999999966,-0.8528949999999966
5666,WFC.csv,2016-09-29,-2.074604,0.0,44.003383,44.935619,-0.9322360000000032,-2.0746036679721787,-0.020964259142596267,5569.0,2,Adv-ALSTM,kdd17,0.1,std,0.4407983422279358,0.5,0.0,-1,-1,1,0.020964259142596267,0.020964259142596267,0.9322360000000032,0.9322360000000032
5722,WFC.csv,2016-10-03,-1.016254,0.0,43.467848,43.914127,-0.4462790000000041,-1.0162538355823492,-0.010214529489936284,5666.0,2,Adv-ALSTM,kdd17,0.1,std,0.44997289776802063,0.5,1.0,1,1,1,-0.010214529489936284,-0.010214529489936284,-0.4462790000000041,-0.4462790000000041
5778,WFC.csv,2016-10-05,2.83429,1.0,44.618263,43.388507,1.2297560000000018,2.834289734836928,0.02794866914683736,5722.0,2,Adv-ALSTM,kdd17,0.1,std,0.47820794582366943,0.5,1.0,1,1,1,0.02794866914683736,0.02794866914683736,1.2297560000000018,1.2297560000000018
5845,WFC.csv,2016-10-10,0.705934,1.0,45.27281,44.955454,0.31735599999999664,0.7059343678299781,0.0070345431602311355,5778.0,2,Adv-ALSTM,kdd17,0.1,std,0.4142467677593231,0.5,0.0,-1,-1,1,-0.0070345431602311355,-0.0070345431602311355,-0.31735599999999664,-0.31735599999999664
5933,WFC.csv,2016-10-13,-1.257722,0.0,44.380244,44.945534,-0.5652900000000045,-1.2577222911624644,-0.012656985681507233,5845.0,2,Adv-ALSTM,kdd17,0.1,std,0.32496190071105957,0.5,0.0,-1,-1,1,0.012656985681507233,0.012656985681507233,0.5652900000000045,0.5652900000000045
5999,WFC.csv,2016-10-18,1.011239,1.0,44.578593,44.13231,0.4462830000000011,1.0112387047041071,0.010061598966642916,5933.0,2,Adv-ALSTM,kdd17,0.1,std,0.31781190633773804,0.5,0.0,-1,-1,1,-0.010061598966642916,-0.010061598966642916,-0.4462830000000011,-0.4462830000000011
6021,WFC.csv,2016-10-19,0.689649,1.0,44.886029,44.578593,0.3074360000000027,0.6896494019001513,0.006872821977864622,5999.0,2,Adv-ALSTM,kdd17,0.1,std,0.3469870090484619,0.5,0.0,-1,-1,1,-0.006872821977864622,-0.006872821977864622,-0.3074360000000027,-0.3074360000000027
6037,WFC.csv,2016-10-20,-0.729118,0.0,44.558757,44.886029,-0.3272720000000007,-0.729117739508658,-0.007317887942411021,6021.0,2,Adv-ALSTM,kdd17,0.1,std,0.4233722984790802,0.5,0.0,-1,-1,1,0.007317887942411021,0.007317887942411021,0.3272720000000007,0.3272720000000007
6090,WFC.csv,2016-10-24,0.95365,1.0,45.143883,44.717435,0.4264480000000006,0.9536504050377679,0.009491318642365573,6037.0,2,Adv-ALSTM,kdd17,0.1,std,0.47302842140197754,0.5,1.0,1,1,1,0.009491318642365573,0.009491318642365573,0.4264480000000006,0.4264480000000006
6141,WFC.csv,2016-10-26,0.940507,1.0,45.768678,45.342231,0.42644700000000313,0.9405073164573732,0.009361120832312275,6090.0,2,Adv-ALSTM,kdd17,0.1,std,0.41559264063835144,0.5,0.0,-1,-1,1,-0.009361120832312275,-0.009361120832312275,-0.42644700000000313,-0.42644700000000313
6167,WFC.csv,2016-10-27,0.563377,1.0,46.026528,45.768678,0.2578499999999977,0.5633765519729402,0.00561795521599831,6141.0,2,Adv-ALSTM,kdd17,0.1,std,0.4364219605922699,0.5,0.0,-1,-1,1,-0.00561795521599831,-0.00561795521599831,-0.2578499999999977,-0.2578499999999977
6275,WFC.csv,2016-11-02,-0.811221,0.0,45.240002,45.61,-0.3699980000000025,-0.8112212234159231,-0.008145295267025518,6167.0,2,Adv-ALSTM,kdd17,0.1,std,0.4195432960987091,0.5,0.0,-1,-1,1,0.008145295267025518,0.008145295267025518,0.3699980000000025,0.3699980000000025
6322,WFC.csv,2016-11-04,-1.632117,0.0,44.599998,45.34,-0.740002000000004,-1.6321173356859373,-0.016455830896414943,6275.0,2,Adv-ALSTM,kdd17,0.1,std,0.4073084592819214,0.5,1.0,1,1,1,-0.016455830896414943,-0.016455830896414943,-0.740002000000004,-0.740002000000004
6369,WFC.csv,2016-11-07,1.793731,1.0,45.400002,44.599998,0.8000040000000013,1.7937310221404075,0.017778334917196662,6322.0,2,Adv-ALSTM,kdd17,0.1,std,0.42949360609054565,0.5,1.0,1,1,1,0.017778334917196662,0.017778334917196662,0.8000040000000013,0.8000040000000013
6433,WFC.csv,2016-11-09,5.379888,1.0,47.990002,45.540001,2.4500010000000003,5.379887892404747,0.052401614951191486,6369.0,2,Adv-ALSTM,kdd17,0.1,std,0.42210954427719116,0.5,1.0,1,1,1,0.052401614951191486,0.052401614951191486,2.4500010000000003,2.4500010000000003
6476,WFC.csv,2016-11-10,7.584911,1.0,51.630001,47.990002,3.639999000000003,7.584911123779498,0.0731102207146395,6433.0,2,Adv-ALSTM,kdd17,0.1,std,0.43863341212272644,0.5,0.0,-1,-1,1,-0.0731102207146395,-0.0731102207146395,-3.639999000000003,-3.639999000000003
6543,WFC.csv,2016-11-14,2.880342,1.0,53.220001,51.73,1.4900010000000066,2.880342161221741,0.02839640032404804,6476.0,2,Adv-ALSTM,kdd17,0.1,std,0.3954285681247711,0.5,0.0,-1,-1,1,-0.02839640032404804,-0.02839640032404804,-1.4900010000000066,-1.4900010000000066
6578,WFC.csv,2016-11-15,-1.183767,0.0,52.59,53.220001,-0.630001,-1.1837673584410493,-0.011908296738218688,6543.0,2,Adv-ALSTM,kdd17,0.1,std,0.3590218126773834,0.5,0.0,-1,-1,1,0.011908296738218688,0.011908296738218688,0.630001,0.630001
6610,WFC.csv,2016-11-16,-1.730367,0.0,51.68,52.59,-0.9100000000000037,-1.7303669899220453,-0.017455128126906527,6578.0,2,Adv-ALSTM,kdd17,0.1,std,0.3295819163322449,0.5,0.0,-1,-1,1,0.017455128126906527,0.017455128126906527,0.9100000000000037,0.9100000000000037
6632,WFC.csv,2016-11-17,1.567341,1.0,52.490002,51.68,0.8100019999999972,1.5673413312693445,0.015551853892356938,6610.0,2,Adv-ALSTM,kdd17,0.1,std,0.4364220201969147,0.5,0.0,-1,-1,1,-0.015551853892356938,-0.015551853892356938,-0.8100019999999972,-0.8100019999999972
6657,WFC.csv,2016-11-18,0.628687,1.0,52.82,52.490002,0.32999800000000334,0.6286873450681205,0.0062671935022827535,6632.0,2,Adv-ALSTM,kdd17,0.1,std,0.40000060200691223,0.5,0.0,-1,-1,1,-0.0062671935022827535,-0.0062671935022827535,-0.32999800000000334,-0.32999800000000334
6692,WFC.csv,2016-11-21,-1.325257,0.0,52.119999,52.82,-0.7000010000000003,-1.3252574782279445,-0.013341173798834724,6657.0,2,Adv-ALSTM,kdd17,0.1,std,0.2773878574371338,0.5,0.0,-1,-1,1,0.013341173798834724,0.013341173798834724,0.7000010000000003,0.7000010000000003
6772,WFC.csv,2016-11-25,0.8819,1.0,52.619999,52.16,0.4599990000000034,0.8818999233128899,0.008780338989568124,6692.0,2,Adv-ALSTM,kdd17,0.1,std,0.44079819321632385,0.5,1.0,1,1,1,0.008780338989568124,0.008780338989568124,0.4599990000000034,0.4599990000000034
6801,WFC.csv,2016-11-28,-1.976429,0.0,51.580002,52.619999,-1.0399969999999996,-1.9764291519655857,-0.019962217380048723,6772.0,2,Adv-ALSTM,kdd17,0.1,std,0.40730828046798706,0.5,0.0,-1,-1,1,0.019962217380048723,0.019962217380048723,1.0399969999999996,1.0399969999999996
6869,WFC.csv,2016-11-30,2.043959,1.0,52.919998,51.860001,1.0599970000000027,2.043958695642915,0.020233502060657008,6801.0,2,Adv-ALSTM,kdd17,0.1,std,0.4169222116470337,0.5,0.0,-1,-1,1,-0.020233502060657008,-0.020233502060657008,-1.0599970000000027,-1.0599970000000027
6906,WFC.csv,2016-12-01,2.683299,1.0,54.34,52.919998,1.4200020000000038,2.6832994211375514,0.02647930254434237,6869.0,2,Adv-ALSTM,kdd17,0.1,std,0.3026479184627533,0.5,0.0,-1,-1,1,-0.02647930254434237,-0.02647930254434237,-1.4200020000000038,-1.4200020000000038
6928,WFC.csv,2016-12-02,-1.398598,0.0,53.580002,54.34,-0.7599980000000031,-1.3985977180714078,-0.014084702554378757,6906.0,2,Adv-ALSTM,kdd17,0.1,std,0.3684512674808502,0.5,0.0,-1,-1,1,0.014084702554378757,0.014084702554378757,0.7599980000000031,0.7599980000000031
6956,WFC.csv,2016-12-05,1.437096,1.0,54.349998,53.580002,0.769995999999999,1.4370958776746574,0.014268675324866838,6928.0,2,Adv-ALSTM,kdd17,0.1,std,0.4822605848312378,0.5,1.0,1,1,1,0.014268675324866838,0.014268675324866838,0.769995999999999,0.769995999999999
6978,WFC.csv,2016-12-06,2.207914,1.0,55.549999,54.349998,1.2000010000000003,2.207913604707033,0.02183892131514886,6956.0,2,Adv-ALSTM,kdd17,0.1,std,0.3825136423110962,0.5,0.0,-1,-1,1,-0.02183892131514886,-0.02183892131514886,-1.2000010000000003,-1.2000010000000003
7020,WFC.csv,2016-12-07,3.114311,1.0,57.279999,55.549999,1.7299999999999969,3.114311487206322,0.030668007110450653,6978.0,2,Adv-ALSTM,kdd17,0.1,std,0.2999996840953827,0.5,0.0,-1,-1,1,-0.030668007110450653,-0.030668007110450653,-1.7299999999999969,-1.7299999999999969
7108,WFC.csv,2016-12-12,-2.380119,0.0,55.779999,57.139999,-1.3600000000000065,-2.3801190476044747,-0.024089015029981845,7020.0,2,Adv-ALSTM,kdd17,0.1,std,0.3891068994998932,0.5,0.0,-1,-1,1,0.024089015029981845,0.024089015029981845,1.3600000000000065,1.3600000000000065
7174,WFC.csv,2016-12-14,-2.041545,0.0,54.700001,55.84,-1.139999000000003,-2.041545487106023,-0.020626730744646084,7108.0,2,Adv-ALSTM,kdd17,0.1,std,0.4756927490234375,0.5,1.0,1,1,1,-0.020626730744646084,-0.020626730744646084,-1.139999000000003,-1.139999000000003
7200,WFC.csv,2016-12-15,0.895792,1.0,55.189999,54.700001,0.48999799999999993,0.8957915741171557,0.008918031622714352,7174.0,2,Adv-ALSTM,kdd17,0.1,std,0.4352967143058777,0.5,1.0,1,1,1,0.008918031622714352,0.008918031622714352,0.48999799999999993,0.48999799999999993
7275,WFC.csv,2016-12-20,1.59362,1.0,56.099998,55.220001,0.8799969999999959,1.593620036334291,0.015810552266637235,7200.0,2,Adv-ALSTM,kdd17,0.1,std,0.4341617226600647,0.5,1.0,1,1,1,0.015810552266637235,0.015810552266637235,0.8799969999999959,0.8799969999999959
7288,WFC.csv,2016-12-21,-0.695185,0.0,55.709999,56.099998,-0.389998999999996,-0.6951854080279931,-0.006976130795400861,7275.0,2,Adv-ALSTM,kdd17,0.1,std,0.37910985946655273,0.5,0.0,-1,-1,1,0.006976130795400861,0.006976130795400861,0.389998999999996,0.389998999999996
7355,WFC.csv,2016-12-28,-1.126007,0.0,55.32,55.950001,-0.630001,-1.126007129115154,-0.011323945834477647,7288.0,2,Adv-ALSTM,kdd17,0.1,std,0.34278908371925354,0.5,0.0,-1,-1,1,0.011323945834477647,0.011323945834477647,0.630001,0.630001
7375,WFC.csv,2016-12-29,-0.867679,0.0,54.84,55.32,-0.4799999999999969,-0.8676789587852438,-0.008714652102443775,7355.0,2,Adv-ALSTM,kdd17,0.1,std,0.46570059657096863,0.5,1.0,1,1,1,-0.008714652102443775,-0.008714652102443775,-0.4799999999999969,-0.4799999999999969
